01/01/2026,06:19 AM,12:19 PM,02:36 PM,04:54 PM,06:18 PM
01/02/2026,06:19 AM,12:19 PM,02:37 PM,04:55 PM,06:19 PM
01/03/2026,06:19 AM,12:19 PM,02:38 PM,04:56 PM,06:20 PM
01/04/2026,06:19 AM,12:20 PM,02:39 PM,04:57 PM,06:20 PM
01/05/2026,06:19 AM,12:20 PM,02:40 PM,04:58 PM,06:21 PM
01/06/2026,06:19 AM,12:21 PM,02:41 PM,04:59 PM,06:22 PM
01/07/2026,06:19 AM,12:21 PM,02:42 PM,05:00 PM,06:23 PM
01/08/2026,06:19 AM,12:22 PM,02:43 PM,05:01 PM,06:24 PM
01/09/2026,06:19 AM,12:22 PM,02:43 PM,05:02 PM,06:25 PM
01/10/2026,06:19 AM,12:22 PM,02:44 PM,05:03 PM,06:26 PM
01/11/2026,06:19 AM,12:23 PM,02:45 PM,05:04 PM,06:27 PM
01/12/2026,06:19 AM,12:23 PM,02:46 PM,05:05 PM,06:28 PM
01/13/2026,06:18 AM,12:24 PM,02:47 PM,05:06 PM,06:29 PM
01/14/2026,06:18 AM,12:24 PM,02:48 PM,05:07 PM,06:30 PM
01/15/2026,06:18 AM,12:24 PM,02:49 PM,05:09 PM,06:31 PM
01/16/2026,06:18 AM,12:25 PM,02:51 PM,05:10 PM,06:32 PM
01/17/2026,06:17 AM,12:25 PM,02:52 PM,05:11 PM,06:33 PM
01/18/2026,06:17 AM,12:25 PM,02:53 PM,05:12 PM,06:34 PM
01/19/2026,06:17 AM,12:25 PM,02:53 PM,05:12 PM,06:34 PM
01/20/2026,06:16 AM,12:26 PM,02:55 PM,05:15 PM,06:36 PM
01/21/2026,06:15 AM,12:26 PM,02:56 PM,05:16 PM,06:37 PM
01/22/2026,06:15 AM,12:27 PM,02:57 PM,05:17 PM,06:38 PM
01/23/2026,06:14 AM,12:27 PM,02:58 PM,05:18 PM,06:39 PM
01/24/2026,06:13 AM,12:27 PM,02:59 PM,05:20 PM,06:41 PM
01/25/2026,06:13 AM,12:27 PM,03:00 PM,05:21 PM,06:42 PM
01/26/2026,06:12 AM,12:27 PM,03:01 PM,05:22 PM,06:43 PM
01/27/2026,06:11 AM,12:28 PM,03:02 PM,05:23 PM,06:44 PM
01/28/2026,06:11 AM,12:28 PM,03:03 PM,05:25 PM,06:45 PM
01/29/2026,06:10 AM,12:28 PM,03:04 PM,05:26 PM,06:46 PM
01/30/2026,06:09 AM,12:28 PM,03:06 PM,05:27 PM,06:47 PM
01/31/2026,06:08 AM,12:28 PM,03:07 PM,05:29 PM,06:48 PM
02/01/2026,06:07 AM,12:28 PM,03:08 PM,05:30 PM,06:50 PM
02/02/2026,06:06 AM,12:29 PM,03:09 PM,05:31 PM,06:51 PM
02/03/2026,06:06 AM,12:29 PM,03:10 PM,05:32 PM,06:52 PM
02/04/2026,06:05 AM,12:29 PM,03:11 PM,05:34 PM,06:53 PM
02/05/2026,06:04 AM,12:29 PM,03:12 PM,05:35 PM,06:54 PM
02/06/2026,06:03 AM,12:29 PM,03:13 PM,05:36 PM,06:55 PM
02/07/2026,06:01 AM,12:29 PM,03:14 PM,05:38 PM,06:56 PM
02/08/2026,06:00 AM,12:29 PM,03:15 PM,05:39 PM,06:58 PM
02/09/2026,05:59 AM,12:29 PM,03:16 PM,05:40 PM,06:59 PM
02/10/2026,05:58 AM,12:29 PM,03:17 PM,05:41 PM,07:00 PM
02/11/2026,05:57 AM,12:29 PM,03:18 PM,05:43 PM,07:01 PM
02/12/2026,05:56 AM,12:29 PM,03:19 PM,05:44 PM,07:02 PM
02/13/2026,05:55 AM,12:29 PM,03:20 PM,05:45 PM,07:03 PM
02/14/2026,05:53 AM,12:29 PM,03:21 PM,05:47 PM,07:05 PM
02/15/2026,05:52 AM,12:29 PM,03:22 PM,05:48 PM,07:06 PM
02/16/2026,05:51 AM,12:29 PM,03:23 PM,05:49 PM,07:07 PM
02/17/2026,05:51 AM,12:29 PM,03:23 PM,05:49 PM,07:07 PM
02/18/2026,05:50 AM,12:29 PM,03:24 PM,05:50 PM,07:08 PM
02/19/2026,05:47 AM,12:29 PM,03:26 PM,05:53 PM,07:10 PM
02/20/2026,05:45 AM,12:29 PM,03:27 PM,05:54 PM,07:12 PM
02/21/2026,05:44 AM,12:28 PM,03:28 PM,05:55 PM,07:13 PM
02/22/2026,05:43 AM,12:28 PM,03:29 PM,05:57 PM,07:14 PM
02/23/2026,05:41 AM,12:28 PM,03:29 PM,05:58 PM,07:15 PM
02/24/2026,05:40 AM,12:28 PM,03:30 PM,05:59 PM,07:16 PM
02/25/2026,05:38 AM,12:28 PM,03:31 PM,06:00 PM,07:17 PM
02/26/2026,05:37 AM,12:28 PM,03:32 PM,06:02 PM,07:19 PM
02/27/2026,05:35 AM,12:27 PM,03:33 PM,06:03 PM,07:20 PM
02/28/2026,05:34 AM,12:27 PM,03:34 PM,06:04 PM,07:21 PM
03/01/2026,05:32 AM,12:27 PM,03:35 PM,06:05 PM,07:22 PM
03/02/2026,05:31 AM,12:27 PM,03:35 PM,06:06 PM,07:23 PM
03/03/2026,05:29 AM,12:27 PM,03:36 PM,06:08 PM,07:24 PM
03/04/2026,05:27 AM,12:26 PM,03:37 PM,06:09 PM,07:26 PM
03/05/2026,05:26 AM,12:26 PM,03:38 PM,06:10 PM,07:27 PM
03/06/2026,05:24 AM,12:26 PM,03:38 PM,06:11 PM,07:28 PM
03/07/2026,05:22 AM,12:26 PM,03:39 PM,06:12 PM,07:29 PM
03/08/2026,06:21 AM,01:26 PM,04:40 PM,07:13 PM,08:30 PM
03/09/2026,06:19 AM,01:25 PM,04:40 PM,07:15 PM,08:31 PM
03/10/2026,06:17 AM,01:25 PM,04:41 PM,07:16 PM,08:33 PM
03/11/2026,06:16 AM,01:25 PM,04:42 PM,07:17 PM,08:34 PM
03/12/2026,06:14 AM,01:25 PM,04:43 PM,07:18 PM,08:35 PM
03/13/2026,06:12 AM,01:24 PM,04:43 PM,07:19 PM,08:36 PM
03/14/2026,06:10 AM,01:24 PM,04:44 PM,07:20 PM,08:37 PM
03/15/2026,06:09 AM,01:24 PM,04:45 PM,07:22 PM,08:39 PM
03/16/2026,06:07 AM,01:23 PM,04:45 PM,07:23 PM,08:40 PM
03/17/2026,06:05 AM,01:23 PM,04:46 PM,07:24 PM,08:41 PM
03/18/2026,06:03 AM,01:23 PM,04:46 PM,07:25 PM,08:42 PM
03/19/2026,06:02 AM,01:23 PM,04:47 PM,07:26 PM,08:43 PM
03/20/2026,06:00 AM,01:22 PM,04:48 PM,07:27 PM,08:45 PM
03/21/2026,05:58 AM,01:22 PM,04:48 PM,07:28 PM,08:46 PM
03/22/2026,05:56 AM,01:22 PM,04:49 PM,07:29 PM,08:47 PM
03/23/2026,05:54 AM,01:21 PM,04:49 PM,07:31 PM,08:48 PM
03/24/2026,05:52 AM,01:21 PM,04:50 PM,07:32 PM,08:50 PM
03/25/2026,05:51 AM,01:21 PM,04:50 PM,07:33 PM,08:51 PM
03/26/2026,05:49 AM,01:20 PM,04:51 PM,07:34 PM,08:52 PM
03/27/2026,05:47 AM,01:20 PM,04:51 PM,07:35 PM,08:53 PM
03/28/2026,05:45 AM,01:20 PM,04:52 PM,07:36 PM,08:55 PM
03/29/2026,05:43 AM,01:20 PM,04:52 PM,07:37 PM,08:56 PM
03/30/2026,05:41 AM,01:19 PM,04:53 PM,07:38 PM,08:57 PM
03/31/2026,05:39 AM,01:19 PM,04:53 PM,07:40 PM,08:59 PM
04/01/2026,05:37 AM,01:19 PM,04:54 PM,07:41 PM,09:00 PM
04/02/2026,05:36 AM,01:18 PM,04:54 PM,07:42 PM,09:01 PM
04/03/2026,05:34 AM,01:18 PM,04:55 PM,07:43 PM,09:02 PM
04/04/2026,05:32 AM,01:18 PM,04:55 PM,07:44 PM,09:04 PM
04/05/2026,05:30 AM,01:17 PM,04:56 PM,07:45 PM,09:05 PM
04/06/2026,05:28 AM,01:17 PM,04:56 PM,07:46 PM,09:06 PM
04/07/2026,05:26 AM,01:17 PM,04:56 PM,07:47 PM,09:08 PM
04/08/2026,05:24 AM,01:17 PM,04:57 PM,07:48 PM,09:09 PM
04/09/2026,05:22 AM,01:16 PM,04:57 PM,07:50 PM,09:10 PM
04/10/2026,05:20 AM,01:16 PM,04:58 PM,07:51 PM,09:12 PM
04/11/2026,05:18 AM,01:16 PM,04:58 PM,07:52 PM,09:13 PM
04/12/2026,05:17 AM,01:16 PM,04:58 PM,07:53 PM,09:15 PM
04/13/2026,05:15 AM,01:15 PM,04:59 PM,07:54 PM,09:16 PM
04/14/2026,05:13 AM,01:15 PM,04:59 PM,07:55 PM,09:17 PM
04/15/2026,05:11 AM,01:15 PM,05:00 PM,07:56 PM,09:19 PM
04/16/2026,05:09 AM,01:15 PM,05:00 PM,07:57 PM,09:20 PM
04/17/2026,05:07 AM,01:14 PM,05:00 PM,07:58 PM,09:22 PM
04/18/2026,05:05 AM,01:14 PM,05:01 PM,08:00 PM,09:23 PM
04/19/2026,05:03 AM,01:14 PM,05:01 PM,08:01 PM,09:24 PM
04/20/2026,05:02 AM,01:14 PM,05:01 PM,08:02 PM,09:26 PM
04/21/2026,05:00 AM,01:14 PM,05:02 PM,08:03 PM,09:27 PM
04/22/2026,04:58 AM,01:13 PM,05:02 PM,08:04 PM,09:29 PM
04/23/2026,04:56 AM,01:13 PM,05:02 PM,08:05 PM,09:30 PM
04/24/2026,04:54 AM,01:13 PM,05:03 PM,08:06 PM,09:32 PM
04/25/2026,04:52 AM,01:13 PM,05:03 PM,08:07 PM,09:33 PM
04/26/2026,04:51 AM,01:13 PM,05:03 PM,08:08 PM,09:35 PM
04/27/2026,04:49 AM,01:12 PM,05:04 PM,08:10 PM,09:36 PM
04/28/2026,04:47 AM,01:12 PM,05:04 PM,08:11 PM,09:38 PM
04/29/2026,04:45 AM,01:12 PM,05:04 PM,08:12 PM,09:39 PM
04/30/2026,04:44 AM,01:12 PM,05:05 PM,08:13 PM,09:41 PM
05/01/2026,04:42 AM,01:12 PM,05:05 PM,08:14 PM,09:42 PM
05/02/2026,04:40 AM,01:12 PM,05:05 PM,08:15 PM,09:44 PM
05/03/2026,04:38 AM,01:12 PM,05:06 PM,08:16 PM,09:45 PM
05/04/2026,04:37 AM,01:12 PM,05:06 PM,08:17 PM,09:47 PM
05/05/2026,04:35 AM,01:12 PM,05:06 PM,08:18 PM,09:48 PM
05/06/2026,04:33 AM,01:11 PM,05:07 PM,08:19 PM,09:50 PM
05/07/2026,04:32 AM,01:11 PM,05:07 PM,08:20 PM,09:51 PM
05/08/2026,04:30 AM,01:11 PM,05:07 PM,08:22 PM,09:53 PM
05/09/2026,04:29 AM,01:11 PM,05:08 PM,08:23 PM,09:54 PM
05/10/2026,04:27 AM,01:11 PM,05:08 PM,08:24 PM,09:56 PM
05/11/2026,04:25 AM,01:11 PM,05:08 PM,08:25 PM,09:57 PM
05/12/2026,04:24 AM,01:11 PM,05:08 PM,08:26 PM,09:58 PM
05/13/2026,04:22 AM,01:11 PM,05:09 PM,08:27 PM,10:00 PM
05/14/2026,04:21 AM,01:11 PM,05:09 PM,08:28 PM,10:01 PM
05/15/2026,04:20 AM,01:11 PM,05:09 PM,08:29 PM,10:03 PM
05/16/2026,04:18 AM,01:11 PM,05:10 PM,08:30 PM,10:04 PM
05/17/2026,04:17 AM,01:11 PM,05:10 PM,08:31 PM,10:06 PM
05/18/2026,04:15 AM,01:11 PM,05:10 PM,08:32 PM,10:07 PM
05/19/2026,04:14 AM,01:11 PM,05:11 PM,08:33 PM,10:09 PM
05/20/2026,04:13 AM,01:11 PM,05:11 PM,08:34 PM,10:10 PM
05/21/2026,04:12 AM,01:11 PM,05:11 PM,08:35 PM,10:11 PM
05/22/2026,04:10 AM,01:12 PM,05:12 PM,08:36 PM,10:13 PM
05/23/2026,04:09 AM,01:12 PM,05:12 PM,08:37 PM,10:14 PM
05/24/2026,04:08 AM,01:12 PM,05:12 PM,08:38 PM,10:15 PM
05/25/2026,04:07 AM,01:12 PM,05:12 PM,08:38 PM,10:17 PM
05/26/2026,04:06 AM,01:12 PM,05:13 PM,08:39 PM,10:18 PM
05/27/2026,04:05 AM,01:12 PM,05:13 PM,08:40 PM,10:19 PM
05/28/2026,04:04 AM,01:12 PM,05:13 PM,08:41 PM,10:20 PM
05/29/2026,04:03 AM,01:12 PM,05:14 PM,08:42 PM,10:22 PM
05/30/2026,04:02 AM,01:12 PM,05:14 PM,08:43 PM,10:23 PM
05/31/2026,04:01 AM,01:13 PM,05:14 PM,08:43 PM,10:24 PM
06/01/2026,04:01 AM,01:13 PM,05:15 PM,08:44 PM,10:25 PM
06/02/2026,04:00 AM,01:13 PM,05:15 PM,08:45 PM,10:26 PM
06/03/2026,03:59 AM,01:13 PM,05:15 PM,08:46 PM,10:27 PM
06/04/2026,03:58 AM,01:13 PM,05:15 PM,08:46 PM,10:28 PM
06/05/2026,03:58 AM,01:13 PM,05:16 PM,08:47 PM,10:29 PM
06/06/2026,03:57 AM,01:14 PM,05:16 PM,08:48 PM,10:30 PM
06/07/2026,03:57 AM,01:14 PM,05:16 PM,08:48 PM,10:31 PM
06/08/2026,03:56 AM,01:14 PM,05:17 PM,08:49 PM,10:32 PM
06/09/2026,03:56 AM,01:14 PM,05:17 PM,08:50 PM,10:33 PM
06/10/2026,03:56 AM,01:14 PM,05:17 PM,08:50 PM,10:33 PM
06/11/2026,03:55 AM,01:15 PM,05:17 PM,08:51 PM,10:34 PM
06/12/2026,03:55 AM,01:15 PM,05:18 PM,08:51 PM,10:35 PM
06/13/2026,03:55 AM,01:15 PM,05:18 PM,08:52 PM,10:35 PM
06/14/2026,03:55 AM,01:15 PM,05:18 PM,08:52 PM,10:36 PM
06/15/2026,03:55 AM,01:15 PM,05:18 PM,08:52 PM,10:36 PM
06/16/2026,03:55 AM,01:16 PM,05:19 PM,08:53 PM,10:37 PM
06/17/2026,03:55 AM,01:16 PM,05:19 PM,08:53 PM,10:37 PM
06/18/2026,03:55 AM,01:16 PM,05:19 PM,08:53 PM,10:38 PM
06/19/2026,03:55 AM,01:16 PM,05:19 PM,08:54 PM,10:38 PM
06/20/2026,03:55 AM,01:17 PM,05:20 PM,08:54 PM,10:38 PM
06/21/2026,03:55 AM,01:17 PM,05:20 PM,08:54 PM,10:38 PM
06/22/2026,03:55 AM,01:17 PM,05:20 PM,08:54 PM,10:38 PM
06/23/2026,03:56 AM,01:17 PM,05:20 PM,08:54 PM,10:39 PM
06/24/2026,03:56 AM,01:17 PM,05:20 PM,08:55 PM,10:39 PM
06/25/2026,03:57 AM,01:18 PM,05:21 PM,08:55 PM,10:39 PM
06/26/2026,03:57 AM,01:18 PM,05:21 PM,08:55 PM,10:38 PM
06/27/2026,03:58 AM,01:18 PM,05:21 PM,08:55 PM,10:38 PM
06/28/2026,03:58 AM,01:18 PM,05:21 PM,08:55 PM,10:38 PM
06/29/2026,03:59 AM,01:18 PM,05:21 PM,08:55 PM,10:38 PM
06/30/2026,04:00 AM,01:19 PM,05:21 PM,08:54 PM,10:38 PM
07/01/2026,04:00 AM,01:19 PM,05:21 PM,08:54 PM,10:37 PM
07/02/2026,04:01 AM,01:19 PM,05:22 PM,08:54 PM,10:37 PM
07/03/2026,04:02 AM,01:19 PM,05:22 PM,08:54 PM,10:36 PM
07/04/2026,04:03 AM,01:19 PM,05:22 PM,08:54 PM,10:36 PM
07/05/2026,04:04 AM,01:20 PM,05:22 PM,08:53 PM,10:35 PM
07/06/2026,04:05 AM,01:20 PM,05:22 PM,08:53 PM,10:35 PM
07/07/2026,04:06 AM,01:20 PM,05:22 PM,08:53 PM,10:34 PM
07/08/2026,04:07 AM,01:20 PM,05:22 PM,08:52 PM,10:33 PM
07/09/2026,04:08 AM,01:20 PM,05:22 PM,08:52 PM,10:33 PM
07/10/2026,04:09 AM,01:20 PM,05:22 PM,08:52 PM,10:32 PM
07/11/2026,04:10 AM,01:20 PM,05:22 PM,08:51 PM,10:31 PM
07/12/2026,04:11 AM,01:21 PM,05:22 PM,08:51 PM,10:30 PM
07/13/2026,04:12 AM,01:21 PM,05:22 PM,08:50 PM,10:29 PM
07/14/2026,04:13 AM,01:21 PM,05:22 PM,08:49 PM,10:28 PM
07/15/2026,04:15 AM,01:21 PM,05:22 PM,08:49 PM,10:27 PM
07/16/2026,04:16 AM,01:21 PM,05:22 PM,08:48 PM,10:26 PM
07/17/2026,04:17 AM,01:21 PM,05:22 PM,08:47 PM,10:25 PM
07/18/2026,04:18 AM,01:21 PM,05:21 PM,08:47 PM,10:24 PM
07/19/2026,04:20 AM,01:21 PM,05:21 PM,08:46 PM,10:23 PM
07/20/2026,04:21 AM,01:21 PM,05:21 PM,08:45 PM,10:22 PM
07/21/2026,04:22 AM,01:21 PM,05:21 PM,08:44 PM,10:20 PM
07/22/2026,04:24 AM,01:21 PM,05:21 PM,08:43 PM,10:19 PM
07/23/2026,04:25 AM,01:21 PM,05:20 PM,08:43 PM,10:18 PM
07/24/2026,04:26 AM,01:21 PM,05:20 PM,08:42 PM,10:16 PM
07/25/2026,04:28 AM,01:21 PM,05:20 PM,08:41 PM,10:15 PM
07/26/2026,04:29 AM,01:21 PM,05:20 PM,08:40 PM,10:14 PM
07/27/2026,04:31 AM,01:21 PM,05:19 PM,08:39 PM,10:12 PM
07/28/2026,04:32 AM,01:21 PM,05:19 PM,08:38 PM,10:11 PM
07/29/2026,04:33 AM,01:21 PM,05:19 PM,08:37 PM,10:09 PM
07/30/2026,04:35 AM,01:21 PM,05:18 PM,08:36 PM,10:08 PM
07/31/2026,04:36 AM,01:21 PM,05:18 PM,08:35 PM,10:06 PM
08/01/2026,04:38 AM,01:21 PM,05:18 PM,08:33 PM,10:05 PM
08/02/2026,04:39 AM,01:21 PM,05:17 PM,08:32 PM,10:03 PM
08/03/2026,04:41 AM,01:21 PM,05:17 PM,08:31 PM,10:02 PM
08/04/2026,04:42 AM,01:21 PM,05:16 PM,08:30 PM,10:00 PM
08/05/2026,04:43 AM,01:21 PM,05:16 PM,08:29 PM,09:58 PM
08/06/2026,04:45 AM,01:21 PM,05:15 PM,08:27 PM,09:57 PM
08/07/2026,04:46 AM,01:21 PM,05:15 PM,08:26 PM,09:55 PM
08/08/2026,04:48 AM,01:21 PM,05:14 PM,08:25 PM,09:53 PM
08/09/2026,04:49 AM,01:20 PM,05:14 PM,08:23 PM,09:51 PM
08/10/2026,04:51 AM,01:20 PM,05:13 PM,08:22 PM,09:50 PM
08/11/2026,04:52 AM,01:20 PM,05:13 PM,08:21 PM,09:48 PM
08/12/2026,04:54 AM,01:20 PM,05:12 PM,08:19 PM,09:46 PM
08/13/2026,04:55 AM,01:20 PM,05:11 PM,08:18 PM,09:44 PM
08/14/2026,04:56 AM,01:20 PM,05:11 PM,08:17 PM,09:43 PM
08/15/2026,04:58 AM,01:19 PM,05:10 PM,08:15 PM,09:41 PM
08/16/2026,04:59 AM,01:19 PM,05:09 PM,08:14 PM,09:39 PM
08/17/2026,05:01 AM,01:19 PM,05:09 PM,08:12 PM,09:37 PM
08/18/2026,05:02 AM,01:19 PM,05:08 PM,08:11 PM,09:35 PM
08/19/2026,05:03 AM,01:18 PM,05:07 PM,08:09 PM,09:33 PM
08/20/2026,05:05 AM,01:18 PM,05:06 PM,08:08 PM,09:32 PM
08/21/2026,05:06 AM,01:18 PM,05:05 PM,08:06 PM,09:30 PM
08/22/2026,05:08 AM,01:18 PM,05:05 PM,08:05 PM,09:28 PM
08/23/2026,05:09 AM,01:17 PM,05:04 PM,08:03 PM,09:26 PM
08/24/2026,05:10 AM,01:17 PM,05:03 PM,08:01 PM,09:24 PM
08/25/2026,05:12 AM,01:17 PM,05:02 PM,08:00 PM,09:22 PM
08/26/2026,05:13 AM,01:17 PM,05:01 PM,07:58 PM,09:20 PM
08/27/2026,05:14 AM,01:16 PM,05:00 PM,07:57 PM,09:18 PM
08/28/2026,05:16 AM,01:16 PM,04:59 PM,07:55 PM,09:16 PM
08/29/2026,05:17 AM,01:16 PM,04:58 PM,07:53 PM,09:15 PM
08/30/2026,05:18 AM,01:15 PM,04:58 PM,07:52 PM,09:13 PM
08/31/2026,05:20 AM,01:15 PM,04:57 PM,07:50 PM,09:11 PM
09/01/2026,05:21 AM,01:15 PM,04:56 PM,07:48 PM,09:09 PM
09/02/2026,05:22 AM,01:14 PM,04:55 PM,07:47 PM,09:07 PM
09/03/2026,05:23 AM,01:14 PM,04:54 PM,07:45 PM,09:05 PM
09/04/2026,05:25 AM,01:14 PM,04:53 PM,07:43 PM,09:03 PM
09/05/2026,05:26 AM,01:13 PM,04:52 PM,07:42 PM,09:01 PM
09/06/2026,05:27 AM,01:13 PM,04:50 PM,07:40 PM,08:59 PM
09/07/2026,05:28 AM,01:13 PM,04:49 PM,07:38 PM,08:57 PM
09/08/2026,05:30 AM,01:12 PM,04:48 PM,07:36 PM,08:55 PM
09/09/2026,05:31 AM,01:12 PM,04:47 PM,07:35 PM,08:53 PM
09/10/2026,05:32 AM,01:12 PM,04:46 PM,07:33 PM,08:51 PM
09/11/2026,05:33 AM,01:11 PM,04:45 PM,07:31 PM,08:50 PM
09/12/2026,05:35 AM,01:11 PM,04:44 PM,07:29 PM,08:48 PM
09/13/2026,05:36 AM,01:11 PM,04:43 PM,07:28 PM,08:46 PM
09/14/2026,05:37 AM,01:10 PM,04:42 PM,07:26 PM,08:44 PM
09/15/2026,05:38 AM,01:10 PM,04:40 PM,07:24 PM,08:42 PM
09/16/2026,05:39 AM,01:10 PM,04:39 PM,07:22 PM,08:40 PM
09/17/2026,05:40 AM,01:09 PM,04:38 PM,07:21 PM,08:38 PM
09/18/2026,05:42 AM,01:09 PM,04:37 PM,07:19 PM,08:36 PM
09/19/2026,05:43 AM,01:09 PM,04:36 PM,07:17 PM,08:34 PM
09/20/2026,05:44 AM,01:08 PM,04:35 PM,07:15 PM,08:32 PM
09/21/2026,05:45 AM,01:08 PM,04:33 PM,07:14 PM,08:31 PM
09/22/2026,05:46 AM,01:08 PM,04:32 PM,07:12 PM,08:29 PM
09/23/2026,05:47 AM,01:07 PM,04:31 PM,07:10 PM,08:27 PM
09/24/2026,05:49 AM,01:07 PM,04:30 PM,07:08 PM,08:25 PM
09/25/2026,05:50 AM,01:06 PM,04:28 PM,07:07 PM,08:23 PM
09/26/2026,05:51 AM,01:06 PM,04:27 PM,07:05 PM,08:21 PM
09/27/2026,05:52 AM,01:06 PM,04:26 PM,07:03 PM,08:20 PM
09/28/2026,05:53 AM,01:05 PM,04:25 PM,07:01 PM,08:18 PM
09/29/2026,05:54 AM,01:05 PM,04:23 PM,07:00 PM,08:16 PM
09/30/2026,05:55 AM,01:05 PM,04:22 PM,06:58 PM,08:14 PM
10/01/2026,05:56 AM,01:04 PM,04:21 PM,06:56 PM,08:13 PM
10/02/2026,05:57 AM,01:04 PM,04:20 PM,06:55 PM,08:11 PM
10/03/2026,05:59 AM,01:04 PM,04:18 PM,06:53 PM,08:09 PM
10/04/2026,06:00 AM,01:04 PM,04:17 PM,06:51 PM,08:07 PM
10/05/2026,06:01 AM,01:03 PM,04:16 PM,06:49 PM,08:06 PM
10/06/2026,06:02 AM,01:03 PM,04:15 PM,06:48 PM,08:04 PM
10/07/2026,06:03 AM,01:03 PM,04:13 PM,06:46 PM,08:02 PM
10/08/2026,06:04 AM,01:02 PM,04:12 PM,06:44 PM,08:01 PM
10/09/2026,06:05 AM,01:02 PM,04:11 PM,06:43 PM,07:59 PM
10/10/2026,06:06 AM,01:02 PM,04:10 PM,06:41 PM,07:57 PM
10/11/2026,06:07 AM,01:02 PM,04:08 PM,06:39 PM,07:56 PM
10/12/2026,06:08 AM,01:01 PM,04:07 PM,06:38 PM,07:54 PM
10/13/2026,06:10 AM,01:01 PM,04:06 PM,06:36 PM,07:53 PM
10/14/2026,06:11 AM,01:01 PM,04:05 PM,06:35 PM,07:51 PM
10/15/2026,06:12 AM,01:01 PM,04:03 PM,06:33 PM,07:49 PM
10/16/2026,06:13 AM,01:00 PM,04:02 PM,06:31 PM,07:48 PM
10/17/2026,06:14 AM,01:00 PM,04:01 PM,06:30 PM,07:46 PM
10/18/2026,06:15 AM,01:00 PM,04:00 PM,06:28 PM,07:45 PM
10/19/2026,06:16 AM,01:00 PM,03:59 PM,06:27 PM,07:44 PM
10/20/2026,06:17 AM,01:00 PM,03:57 PM,06:25 PM,07:42 PM
10/21/2026,06:18 AM,12:59 PM,03:56 PM,06:24 PM,07:41 PM
10/22/2026,06:19 AM,12:59 PM,03:55 PM,06:22 PM,07:39 PM
10/23/2026,06:20 AM,12:59 PM,03:54 PM,06:21 PM,07:38 PM
10/24/2026,06:21 AM,12:59 PM,03:53 PM,06:19 PM,07:37 PM
10/25/2026,06:23 AM,12:59 PM,03:52 PM,06:18 PM,07:35 PM
10/26/2026,06:24 AM,12:59 PM,03:51 PM,06:17 PM,07:34 PM
10/27/2026,06:25 AM,12:59 PM,03:49 PM,06:15 PM,07:33 PM
10/28/2026,06:26 AM,12:59 PM,03:48 PM,06:14 PM,07:31 PM
10/29/2026,06:27 AM,12:59 PM,03:47 PM,06:13 PM,07:30 PM
10/30/2026,06:28 AM,12:59 PM,03:46 PM,06:11 PM,07:29 PM
10/31/2026,06:29 AM,12:58 PM,03:45 PM,06:10 PM,07:28 PM
11/01/2026,05:30 AM,11:58 AM,02:44 PM,05:09 PM,06:27 PM
11/02/2026,05:31 AM,11:58 AM,02:43 PM,05:07 PM,06:26 PM
11/03/2026,05:32 AM,11:58 AM,02:42 PM,05:06 PM,06:24 PM
11/04/2026,05:33 AM,11:58 AM,02:41 PM,05:05 PM,06:23 PM
11/05/2026,05:35 AM,11:58 AM,02:40 PM,05:04 PM,06:22 PM
11/06/2026,05:36 AM,11:59 AM,02:39 PM,05:03 PM,06:21 PM
11/07/2026,05:37 AM,11:59 AM,02:39 PM,05:01 PM,06:20 PM
11/08/2026,05:38 AM,11:59 AM,02:38 PM,05:00 PM,06:19 PM
11/09/2026,05:38 AM,11:59 AM,02:38 PM,05:00 PM,06:19 PM
11/10/2026,05:40 AM,11:59 AM,02:36 PM,04:58 PM,06:18 PM
11/11/2026,05:41 AM,11:59 AM,02:35 PM,04:57 PM,06:17 PM
11/12/2026,05:42 AM,11:59 AM,02:34 PM,04:56 PM,06:16 PM
11/13/2026,05:43 AM,11:59 AM,02:34 PM,04:55 PM,06:15 PM
11/14/2026,05:44 AM,11:59 AM,02:33 PM,04:54 PM,06:14 PM
11/15/2026,05:45 AM,12:00 PM,02:32 PM,04:54 PM,06:14 PM
11/16/2026,05:46 AM,12:00 PM,02:32 PM,04:53 PM,06:13 PM
11/17/2026,05:47 AM,12:00 PM,02:31 PM,04:52 PM,06:12 PM
11/18/2026,05:48 AM,12:00 PM,02:30 PM,04:51 PM,06:12 PM
11/19/2026,05:49 AM,12:00 PM,02:30 PM,04:50 PM,06:11 PM
11/20/2026,05:50 AM,12:01 PM,02:29 PM,04:50 PM,06:11 PM
11/21/2026,05:51 AM,12:01 PM,02:29 PM,04:49 PM,06:10 PM
11/22/2026,05:52 AM,12:01 PM,02:28 PM,04:48 PM,06:10 PM
11/23/2026,05:54 AM,12:01 PM,02:28 PM,04:48 PM,06:09 PM
11/24/2026,05:54 AM,12:02 PM,02:27 PM,04:47 PM,06:09 PM
11/25/2026,05:55 AM,12:02 PM,02:27 PM,04:47 PM,06:08 PM
11/26/2026,05:56 AM,12:02 PM,02:27 PM,04:46 PM,06:08 PM
11/27/2026,05:57 AM,12:03 PM,02:26 PM,04:46 PM,06:08 PM
11/28/2026,05:58 AM,12:03 PM,02:26 PM,04:45 PM,06:07 PM
11/29/2026,05:59 AM,12:03 PM,02:26 PM,04:45 PM,06:07 PM
11/30/2026,06:00 AM,12:04 PM,02:26 PM,04:45 PM,06:07 PM
12/01/2026,06:01 AM,12:04 PM,02:25 PM,04:44 PM,06:07 PM
12/02/2026,06:02 AM,12:04 PM,02:25 PM,04:44 PM,06:07 PM
12/03/2026,06:03 AM,12:05 PM,02:25 PM,04:44 PM,06:07 PM
12/04/2026,06:04 AM,12:05 PM,02:25 PM,04:44 PM,06:07 PM
12/05/2026,06:05 AM,12:06 PM,02:25 PM,04:43 PM,06:06 PM
12/06/2026,06:06 AM,12:06 PM,02:25 PM,04:43 PM,06:06 PM
12/07/2026,06:06 AM,12:06 PM,02:25 PM,04:43 PM,06:07 PM
12/08/2026,06:06 AM,12:06 PM,02:25 PM,04:43 PM,06:07 PM
12/09/2026,06:07 AM,12:07 PM,02:25 PM,04:43 PM,06:07 PM
12/10/2026,06:09 AM,12:08 PM,02:25 PM,04:43 PM,06:07 PM
12/11/2026,06:09 AM,12:08 PM,02:25 PM,04:43 PM,06:07 PM
12/12/2026,06:10 AM,12:09 PM,02:26 PM,04:43 PM,06:07 PM
12/13/2026,06:11 AM,12:09 PM,02:26 PM,04:44 PM,06:07 PM
12/14/2026,06:12 AM,12:10 PM,02:26 PM,04:44 PM,06:08 PM
12/15/2026,06:12 AM,12:10 PM,02:26 PM,04:44 PM,06:08 PM
12/16/2026,06:13 AM,12:11 PM,02:27 PM,04:44 PM,06:08 PM
12/17/2026,06:13 AM,12:11 PM,02:27 PM,04:45 PM,06:09 PM
12/18/2026,06:14 AM,12:12 PM,02:27 PM,04:45 PM,06:09 PM
12/19/2026,06:15 AM,12:12 PM,02:28 PM,04:46 PM,06:10 PM
12/20/2026,06:15 AM,12:13 PM,02:28 PM,04:46 PM,06:10 PM
12/21/2026,06:16 AM,12:13 PM,02:29 PM,04:46 PM,06:11 PM
12/22/2026,06:16 AM,12:14 PM,02:29 PM,04:47 PM,06:11 PM
12/23/2026,06:16 AM,12:14 PM,02:30 PM,04:48 PM,06:12 PM
12/24/2026,06:17 AM,12:15 PM,02:31 PM,04:48 PM,06:12 PM
12/25/2026,06:17 AM,12:15 PM,02:31 PM,04:49 PM,06:13 PM
12/26/2026,06:18 AM,12:16 PM,02:32 PM,04:49 PM,06:13 PM
12/27/2026,06:18 AM,12:16 PM,02:32 PM,04:50 PM,06:14 PM
12/28/2026,06:18 AM,12:17 PM,02:33 PM,04:51 PM,06:15 PM
12/29/2026,06:19 AM,12:17 PM,02:34 PM,04:52 PM,06:15 PM
12/30/2026,06:19 AM,12:17 PM,02:35 PM,04:52 PM,06:16 PM
12/31/2026,06:19 AM,12:18 PM,02:35 PM,04:53 PM,06:17 PM
